{
  "Type": "NoiseRange",
  "Biomes": [{
    "Biome" : "Basic",
    "Min" : -1,
    "Max" : 1
  }
  ],
  "DefaultBiome": "Basic",
  "DefaultTransitionDistance": 32,
  "MaxBiomeEdgeDistance" : 32,
  "Density": {
    "Type" : "Imported",
    "Name" : "Biome-Map"
  },
  "ContentFields" : [
    {
      "Type" : "BaseHeight",
      "Name" : "Base",
      "Y" : 100
    },
    {
      "Type" : "BaseHeight",
      "Name" : "Water",
      "Y" : 100
    },
    {
      "Type" : "BaseHeight",
      "Name" : "Bedrock",
      "Y" : 0
    }
  ]
}
