{
  "TranslationProperties": {
    "Name": "Mechanist Portal",
    "Description": "server.items.Hub_Portal_Default.description"
  },
  "Icon": "Icons/ItemsGenerated/Mechanist_Portal.png",
  "Categories": [
    "Blocks.Portals"
  ],
  "BlockType": {
    "DrawType": "Model",
    "Material": "Solid",
    "Opacity": "Transparent",
    "CustomModel": "Blocks/Miscellaneous/Otherworld_Portal.blockymodel",
    "CustomModelTexture": [
      {
        "Texture": "Blocks/Miscellaneous/Otherworld_Portal_Texture.png",
        "Weight": 1
      }
    ],
    "HitboxType": "Pad_Portal",
    "BlockParticleSetId": "Stone",
    "BlockSoundSetId": "Stone",
    "VariantRotation": "NESW",
    "Flags": {
      "IsUsable": false
    },
    "Gathering": {
      "Breaking": {
        "GatherType": "SoftBlocks"
      }
    },
    "Light": {
      "Color": "#b11",
      "Radius": 3
    },
    "AmbientSoundEventId": "SFX_Portal_Neutral",
    "Particles": [
      {
        "SystemId": "Portal_Purple",
        "PositionOffset": {
          "Y": -0.9
        },
        "Scale": 0.8,
        "Color": "#ffffff"
      }
    ],
    "Interactions": {
      "CollisionEnter": {
        "Interactions": [
          {
            "Type": "HubPortal",
            "WorldName": "Mechanist",
            "WorldGenType": "HytaleGenerator",
            "Next": {
              "Type": "Simple",
              "Effects": {
                "LocalSoundEventId": "SFX_Portal_Neutral_Teleport_Local"
              }
            }
          }
        ]
      }
    },
    "CustomModelAnimation": "Blocks/Miscellaneous/Portal_Shift.blockyanim",
    "Looping": true,
    "Speed": 1
  },
  "PlayerAnimationsId": "Block",
  "Tags": {
    "Type": [
      "Portal",
      "HubPortal"
    ]
  },
  "Quality": "Epic",
  "IconProperties": {
    "Scale": 0.2,
    "Rotation": [
      22.5,
      45,
      22.5
    ],
    "Translation": [
      0,
      -56
    ]
  },
  "ItemSoundSetId": "ISS_Blocks_Stone",
  "Recipe": {
    "Input": [
      {
        "ItemId": "Ore_Iron_Basalt_Cracked",
        "Quantity": 5
      },
      {
        "ItemId": "Ingredient_Bar_Mechanist",
        "Quantity": 20
      },
      {
        "ItemId": "Ingredient_Void_Essence",
        "Quantity": 10
      }
    ],
    "BenchRequirement": [
      {
        "Id": "Mechanistbench",
        "Categories": [
          "Mechanist_Category"
        ]
      }
    ],
    "TimeSeconds": 3,
    "RequiredMemoriesLevel": 5
  }
}
