{
  "TranslationProperties": {
    "Name": "Magma Mechanist Ore"
  },
  "Categories": [
    "Blocks.Ores"
  ],
  "BlockType": {
    "Material": "Solid",
    "DrawType": "CubeWithModel",
    "CustomModel": "Resources/Ores/Ore_Large.blockymodel",
    "CustomModelTexture": [
      {
        "Texture": "Resources/Ores/Ore_Textures/Mechanist_Iron.png",
        "Weight": 1
      }
    ],
    "Group": "Stone",
    "Flags": {},
    "RandomRotation": "YawStep90",
    "Textures": [
      {
        "Weight": 1,
        "Sides": "BlockTextures/Rock_Magma_Cooled_Side.png",
        "UpDown": "BlockTextures/Rock_Magma_Cooled.png"
      }
    ],
    "Gathering": {
      "Breaking": {
        "GatherType": "OreAdamantite",
        "Quality": 4,
        "DropList": {
          "Container": {
            "Type": "Multiple",
            "Containers": [
              {
                "Type": "Single",
                "Item": {
                  "ItemId": "Ore_Mechanist"
                }
              },
              {
                "Type": "Single",
                "Item": {
                  "ItemId": "Rock_Magma_Cooled"
                }
              }
            ]
          }
        }
      }
    },
    "BlockSoundSetId": "Ore",
    "BlockParticleSetId": "Ore",
    "ParticleColor": "#b32716"
  },
  "PlayerAnimationsId": "Block",
  "Tags": {
    "Type": [
      "Ore"
    ],
    "Family": [
      "Adamantite"
    ]
  },
  "MaxStack": 25,
  "ItemSoundSetId": "ISS_Blocks_Stone",
  "IconProperties": {
    "Scale": 0.58823,
    "Rotation": [
      22.5,
      45,
      22.5
    ],
    "Translation": [
      0,
      -13.5
    ]
  },
  "Icon": "Icons/ItemsGenerated/Ore_Mechanist_Magma.png"
}
