{
  "Parent": "Template_Weapon_Sword",
  "TranslationProperties": {
    "Name": "Ricshaw Sword"
  },
  "Model": "Items/Weapons/Sword/Ricshaw_Sword.blockymodel",
  "Texture": "Items/Weapons/Ricshaw_Weapon.png",
  "Icon": "Icons/ItemsGenerated/Weapon_Sword_Mechanist.png",
  "Quality": "Rare",
  "ItemLevel": 40,
  "Recipe": {
    "TimeSeconds": 4.5,
    "Input": [
      {
        "ItemId": "Ingredient_Bar_Mechanist",
        "Quantity": 11
      },
      {
        "ItemId": "Ingredient_Fabric_Scrap_Cindercloth",
        "Quantity": 3
      },
      {
        "ItemId": "Ingredient_Leather_Heavy",
        "Quantity": 4
      }
    ],
    "BenchRequirement": [
      {
        "Type": "Crafting",
        "Categories": [
          "Mechanist_Category"
        ],
        "Id": "Mechanistbench",
        "RequiredTierLevel": 1
      }
    ]
  },
  "InteractionVars": {
    "Swing_Left_Damage": {
      "Interactions": [
        {
          "Parent": "Weapon_Sword_Primary_Swing_Left_Damage",
          "DamageCalculator": {
            "BaseDamage": {
              "Physical": 17
            }
          },
          "DamageEffects": {
            "WorldSoundEventId": "SFX_Sword_T2_Impact",
            "LocalSoundEventId": "SFX_Sword_T2_Impact"
          }
        }
      ]
    },
    "Swing_Right_Damage": {
      "Interactions": [
        {
          "Parent": "Weapon_Sword_Primary_Swing_Right_Damage",
          "DamageCalculator": {
            "BaseDamage": {
              "Physical": 19
            }
          },
          "DamageEffects": {
            "WorldSoundEventId": "SFX_Sword_T2_Impact",
            "LocalSoundEventId": "SFX_Sword_T2_Impact"
          }
        }
      ]
    },
    "Swing_Down_Damage": {
      "Interactions": [
        {
          "Parent": "Weapon_Sword_Primary_Swing_Down_Damage",
          "DamageCalculator": {
            "BaseDamage": {
              "Physical": 31
            }
          },
          "DamageEffects": {
            "WorldSoundEventId": "SFX_Sword_T2_Impact",
            "LocalSoundEventId": "SFX_Sword_T2_Impact"
          }
        }
      ]
    },
    "Thrust_Damage": {
      "Interactions": [
        {
          "Parent": "Weapon_Sword_Primary_Thrust_Damage",
          "DamageCalculator": {
            "BaseDamage": {
              "Physical": 44
            }
          },
          "EntityStatsOnHit": [
            {
              "EntityStatId": "SignatureEnergy",
              "Amount": 3
            }
          ],
          "DamageEffects": {
            "WorldSoundEventId": "SFX_Sword_T2_Impact",
            "LocalSoundEventId": "SFX_Sword_T2_Impact"
          }
        }
      ]
    },
    "Vortexstrike_Spin_Damage": {
      "Interactions": [
        {
          "Parent": "Weapon_Sword_Signature_Vortexstrike_Spin_Damage",
          "DamageCalculator": {
            "BaseDamage": {
              "Physical": 32
            }
          },
          "EntityStatsOnHit": [],
          "DamageEffects": {
            "WorldSoundEventId": "SFX_Sword_T2_Impact",
            "LocalSoundEventId": "SFX_Sword_T2_Impact"
          }
        }
      ]
    },
    "Vortexstrike_Stab_Damage": {
      "Interactions": [
        {
          "Parent": "Weapon_Sword_Signature_Vortexstrike_Stab_Damage",
          "DamageCalculator": {
            "BaseDamage": {
              "Physical": 87
            }
          },
          "EntityStatsOnHit": [],
          "DamageEffects": {
            "WorldSoundEventId": "SFX_Sword_T2_Impact",
            "LocalSoundEventId": "SFX_Sword_T2_Impact"
          }
        }
      ]
    },
    "Guard_Wield": {
      "Interactions": [
        {
          "Parent": "Weapon_Sword_Secondary_Guard_Wield",
          "StaminaCost": {
            "Value": 15.56,
            "CostType": "Damage"
          }
        }
      ]
    }
  },
  "MaxDurability": 180,
  "DurabilityLossOnHit": 0.21,
  "IconProperties": {
    "Scale": 0.4,
    "Rotation": [
      37,
      93,
      0
    ],
    "Translation": [
      -35,
      -29
    ]
  }
}
