{
  "Parent": "Template_Weapon_Daggers",
  "TranslationProperties": {
    "Name": "Ricshaw Daggers"
  },
  "Model": "Items/Weapons/Daggers/Ricshaw_Dagger.blockymodel",
  "Texture": "Items/Weapons/Ricshaw_Weapon.png",
  "Icon": "Icons/ItemsGenerated/Weapon_Daggers_Mechanist.png",
  "Quality": "Rare",
  "ItemLevel": 40,
  "Recipe": {
    "TimeSeconds": 4.5,
    "BenchRequirement": [
      {
        "Id": "Mechanistbench",
        "Type": "Crafting",
        "Categories": [
          "Mechanist_Category"
        ],
        "RequiredTierLevel": 1
      }
    ],
    "Input": [
      {
        "ItemId": "Ingredient_Bar_Mechanist",
        "Quantity": 9
      },
      {
        "ItemId": "Ingredient_Fabric_Scrap_Cindercloth",
        "Quantity": 3
      },
      {
        "ItemId": "Ingredient_Leather_Heavy",
        "Quantity": 3
      }
    ]
  },
  "InteractionVars": {
    "Swing_Left_Damage": {
      "Interactions": [
        {
          "Parent": "Weapon_Daggers_Primary_Swing_Left_Damage",
          "DamageCalculator": {
            "BaseDamage": {
              "Physical": 7
            }
          },
          "DamageEffects": {
            "WorldSoundEventId": "SFX_Daggers_T2_Slash_Impact",
            "LocalSoundEventId": "SFX_Daggers_T2_Slash_Impact"
          },
          "AngledDamage": []
        }
      ]
    },
    "Swing_Right_Damage": {
      "Interactions": [
        {
          "Parent": "Weapon_Daggers_Primary_Swing_Right_Damage",
          "DamageCalculator": {
            "BaseDamage": {
              "Physical": 8
            }
          },
          "DamageEffects": {
            "WorldSoundEventId": "SFX_Daggers_T2_Slash_Impact",
            "LocalSoundEventId": "SFX_Daggers_T2_Slash_Impact"
          },
          "AngledDamage": []
        }
      ]
    },
    "Stab_Left_Damage": {
      "Interactions": [
        {
          "Parent": "Weapon_Daggers_Primary_Stab_Left_Damage",
          "DamageCalculator": {
            "BaseDamage": {
              "Physical": 19
            }
          },
          "DamageEffects": {
            "WorldSoundEventId": "SFX_Daggers_T2_Stab_Impact",
            "LocalSoundEventId": "SFX_Daggers_T2_Stab_Impact"
          },
          "AngledDamage": []
        }
      ]
    },
    "Stab_Right_Damage": {
      "Interactions": [
        {
          "Parent": "Weapon_Daggers_Primary_Stab_Right_Damage",
          "DamageCalculator": {
            "BaseDamage": {
              "Physical": 21
            }
          },
          "DamageEffects": {
            "WorldSoundEventId": "SFX_Daggers_T2_Stab_Impact",
            "LocalSoundEventId": "SFX_Daggers_T2_Stab_Impact"
          },
          "AngledDamage": []
        }
      ]
    },
    "Pounce_Sweep_Damage": {
      "Interactions": [
        {
          "Parent": "Weapon_Daggers_Primary_Pounce_Sweep_Damage",
          "DamageCalculator": {
            "BaseDamage": {
              "Physical": 52
            }
          },
          "EntityStatsOnHit": [
            {
              "EntityStatId": "SignatureEnergy",
              "Amount": 1
            }
          ],
          "DamageEffects": {
            "WorldSoundEventId": "SFX_Daggers_T2_Slash_Impact",
            "LocalSoundEventId": "SFX_Daggers_T2_Slash_Impact"
          },
          "AngledDamage": [
            {
              "Angle": 180,
              "AngleDistance": 80,
              "DamageEffects": {
                "Knockback": {
                  "Direction": {
                    "X": 0,
                    "Y": 2,
                    "Z": -3
                  },
                  "Type": "Force",
                  "Force": 6,
                  "VelocityType": "Set",
                  "VelocityConfig": {
                    "AirResistance": 0.99,
                    "AirResistanceMax": 0.98,
                    "GroundResistance": 0.94,
                    "GroundResistanceMax": 0.3,
                    "Threshold": 3.0,
                    "Style": "Linear"
                  }
                },
                "WorldParticles": [
                  {
                    "SystemId": "Impact_Critical",
                    "Scale": 1,
                    "RotationOffset": {
                      "Yaw": 180,
                      "Pitch": 0,
                      "Roll": 0
                    }
                  }
                ],
                "LocalSoundEventId": "SFX_Daggers_T2_Slash_Impact",
                "WorldSoundEventId": "SFX_Daggers_T2_Slash_Impact"
              },
              "DamageCalculator": {
                "BaseDamage": {
                  "Physical": 74
                }
              }
            }
          ]
        }
      ]
    },
    "Pounce_Stab_Damage": {
      "Interactions": [
        {
          "Parent": "Weapon_Daggers_Primary_Pounce_Stab_Damage",
          "DamageCalculator": {
            "BaseDamage": {
              "Physical": 64
            }
          },
          "EntityStatsOnHit": [
            {
              "EntityStatId": "SignatureEnergy",
              "Amount": 8
            }
          ],
          "DamageEffects": {
            "WorldSoundEventId": "SFX_Daggers_T2_Stab_Impact",
            "LocalSoundEventId": "SFX_Daggers_T2_Stab_Impact"
          },
          "AngledDamage": [
            {
              "Angle": 180,
              "AngleDistance": 80,
              "DamageEffects": {
                "Knockback": {
                  "Direction": {
                    "X": 0,
                    "Y": 1,
                    "Z": -2
                  },
                  "Type": "Force",
                  "Force": 5,
                  "VelocityType": "Set",
                  "VelocityConfig": {
                    "AirResistance": 0.99,
                    "AirResistanceMax": 0.98,
                    "GroundResistance": 0.94,
                    "GroundResistanceMax": 0.3,
                    "Threshold": 3.0,
                    "Style": "Linear"
                  }
                },
                "WorldParticles": [
                  {
                    "SystemId": "Impact_Critical",
                    "Scale": 1,
                    "RotationOffset": {
                      "Yaw": 180,
                      "Pitch": 0,
                      "Roll": 0
                    }
                  }
                ],
                "LocalSoundEventId": "SFX_Daggers_T2_Stab_Impact",
                "WorldSoundEventId": "SFX_Daggers_T2_Stab_Impact"
              },
              "DamageCalculator": {
                "BaseDamage": {
                  "Physical": 95
                }
              }
            }
          ]
        }
      ]
    },
    "Razorstrike_Slash_Damage": {
      "Interactions": [
        {
          "Parent": "Weapon_Daggers_Signature_Razorstrike_Slash_Damage",
          "DamageCalculator": {
            "BaseDamage": {
              "Physical": 42
            }
          },
          "EntityStatsOnHit": [],
          "DamageEffects": {
            "WorldSoundEventId": "SFX_Daggers_T2_Slash_Impact",
            "LocalSoundEventId": "SFX_Daggers_T2_Slash_Impact"
          },
          "AngledDamage": [
            {
              "Angle": 180,
              "AngleDistance": 80,
              "DamageEffects": {
                "Knockback": {
                  "Direction": {
                    "X": 0,
                    "Y": 1,
                    "Z": -2
                  },
                  "Type": "Force",
                  "Force": 7,
                  "VelocityType": "Add",
                  "VelocityConfig": {
                    "AirResistance": 0.99,
                    "AirResistanceMax": 0.98,
                    "GroundResistance": 0.94,
                    "GroundResistanceMax": 0.3,
                    "Threshold": 3.0,
                    "Style": "Linear"
                  }
                },
                "WorldParticles": [
                  {
                    "SystemId": "Impact_Critical",
                    "Scale": 1,
                    "RotationOffset": {
                      "Yaw": 180,
                      "Pitch": 0,
                      "Roll": 0
                    }
                  }
                ],
                "LocalSoundEventId": "SFX_Daggers_T2_Slash_Impact",
                "WorldSoundEventId": "SFX_Daggers_T2_Slash_Impact"
              },
              "DamageCalculator": {
                "BaseDamage": {
                  "Physical": 62
                }
              }
            }
          ]
        }
      ]
    },
    "Razorstrike_Sweep_Damage": {
      "Interactions": [
        {
          "Parent": "Weapon_Daggers_Signature_Razorstrike_Sweep_Damage",
          "DamageCalculator": {
            "BaseDamage": {
              "Physical": 52
            }
          },
          "EntityStatsOnHit": [],
          "DamageEffects": {
            "WorldSoundEventId": "SFX_Daggers_T2_Slash_Impact",
            "LocalSoundEventId": "SFX_Daggers_T2_Slash_Impact"
          },
          "AngledDamage": [
            {
              "Angle": 180,
              "AngleDistance": 80,
              "DamageEffects": {
                "Knockback": {
                  "Direction": {
                    "X": 0,
                    "Y": 1,
                    "Z": -1
                  },
                  "Type": "Force",
                  "Force": 7,
                  "VelocityType": "Add",
                  "VelocityConfig": {
                    "AirResistance": 0.99,
                    "AirResistanceMax": 0.98,
                    "GroundResistance": 0.94,
                    "GroundResistanceMax": 0.3,
                    "Threshold": 3.0,
                    "Style": "Linear"
                  }
                },
                "WorldParticles": [
                  {
                    "SystemId": "Impact_Critical",
                    "Scale": 1,
                    "RotationOffset": {
                      "Yaw": 180,
                      "Pitch": 0,
                      "Roll": 0
                    }
                  }
                ],
                "LocalSoundEventId": "SFX_Daggers_T2_Slash_Impact",
                "WorldSoundEventId": "SFX_Daggers_T2_Slash_Impact"
              },
              "DamageCalculator": {
                "BaseDamage": {
                  "Physical": 77
                }
              }
            }
          ]
        }
      ]
    },
    "Razorstrike_Lunge_Damage": {
      "Interactions": [
        {
          "Parent": "Weapon_Daggers_Signature_Razorstrike_Lunge_Damage",
          "DamageCalculator": {
            "BaseDamage": {
              "Physical": 61
            }
          },
          "EntityStatsOnHit": [],
          "DamageEffects": {
            "WorldSoundEventId": "SFX_Daggers_T2_Slash_Impact",
            "LocalSoundEventId": "SFX_Daggers_T2_Slash_Impact"
          },
          "AngledDamage": [
            {
              "Angle": 180,
              "AngleDistance": 80,
              "DamageEffects": {
                "Knockback": {
                  "Direction": {
                    "X": 0,
                    "Y": 2,
                    "Z": -3
                  },
                  "Type": "Force",
                  "Force": 12,
                  "VelocityType": "Set",
                  "VelocityConfig": {
                    "AirResistance": 0.99,
                    "AirResistanceMax": 0.98,
                    "GroundResistance": 0.94,
                    "GroundResistanceMax": 0.3,
                    "Threshold": 3.0,
                    "Style": "Linear"
                  }
                },
                "WorldParticles": [
                  {
                    "SystemId": "Impact_Critical",
                    "Scale": 1,
                    "RotationOffset": {
                      "Yaw": 180,
                      "Pitch": 0,
                      "Roll": 0
                    }
                  }
                ],
                "LocalSoundEventId": "SFX_Daggers_T2_Slash_Impact",
                "WorldSoundEventId": "SFX_Daggers_T2_Slash_Impact"
              },
              "DamageCalculator": {
                "BaseDamage": {
                  "Physical": 90
                }
              }
            }
          ]
        }
      ]
    },
    "Guard_Wield": {
      "Interactions": [
        {
          "Parent": "Weapon_Daggers_Secondary_Guard_Wield",
          "StaminaCost": {
            "Value": 15.56,
            "CostType": "Damage"
          }
        }
      ]
    }
  },
  "MaxDurability": 180,
  "DurabilityLossOnHit": 0.1,
  "IconProperties": {
    "Scale": 0.58823,
    "Rotation": [
      22.5,
      45,
      22.5
    ],
    "Translation": [
      0,
      -22
    ]
  }
}
