{
  "TranslationProperties": {
    "Name": "Ricshaw Axe"
  },
  "Categories": [
    "Items.Weapons"
  ],
  "Quality": "Rare",
  "ItemLevel": 40,
  "Texture": "Items/Weapons/Ricshaw_Weapon.png",
  "Recipe": {
    "TimeSeconds": 4.5,
    "KnowledgeRequired": false,
    "Input": [
      {
        "ItemId": "Ingredient_Bar_Mechanist",
        "Quantity": 4
      },
      {
        "ItemId": "Ingredient_Fabric_Scrap_Cindercloth",
        "Quantity": 3
      },
      {
        "ItemId": "Ingredient_Leather_Heavy",
        "Quantity": 4
      }
    ],
    "BenchRequirement": [
      {
        "Type": "Crafting",
        "Categories": [
          "Mechanist_Category"
        ],
        "Id": "Mechanistbench",
        "RequiredTierLevel": 1
      }
    ]
  },
  "PlayerAnimationsId": "Axe",
  "Utility": {
    "Compatible": true
  },
  "Interactions": {
    "Primary": "Axe_Attack"
  },
  "InteractionVars": {
    "Axe_Swing_Down_Left_Effect": {
      "Interactions": [
        {
          "Parent": "Axe_Swing_Down_Left_Effect",
          "Effects": {
            "WorldSoundEventId": "SFX_Axe_Special_Swing"
          }
        }
      ]
    },
    "Axe_Swing_Down_Left_Damage": {
      "Interactions": [
        {
          "Parent": "Axe_Swing_Down_Left_Damage",
          "DamageCalculator": {
            "Type": "Absolute",
            "BaseDamage": {
              "Physical": 55
            },
            "RandomPercentageModifier": 0.2
          },
          "DamageEffects": {
            "WorldSoundEventId": "SFX_Axe_Special_Impact"
          }
        }
      ]
    },
    "Axe_Swing_Up_Right_Effect": {
      "Interactions": [
        {
          "Parent": "Axe_Swing_Up_Right_Effect",
          "Effects": {
            "WorldSoundEventId": "SFX_Axe_Special_Swing"
          }
        }
      ]
    },
    "Axe_Swing_Up_Right_Damage": {
      "Interactions": [
        {
          "Parent": "Axe_Swing_Up_Right_Damage",
          "DamageCalculator": {
            "Type": "Absolute",
            "BaseDamage": {
              "Physical": 55
            },
            "RandomPercentageModifier": 0.2
          },
          "DamageEffects": {
            "WorldSoundEventId": "SFX_Axe_Special_Impact"
          }
        }
      ]
    },
    "Axe_Swing_Left_Charged_Effect": {
      "Interactions": [
        {
          "Parent": "Axe_Swing_Left_Charged_Effect",
          "Effects": {
            "WorldSoundEventId": "SFX_Weapon_Charge_Swing"
          }
        }
      ]
    },
    "Axe_Swing_Left_Charged_Damage": {
      "Interactions": [
        {
          "Parent": "Axe_Swing_Left_Charged_Damage",
          "DamageCalculator": {
            "BaseDamage": {
              "Physical": 107
            },
            "Type": "Absolute",
            "RandomPercentageModifier": 0.2
          },
          "DamageEffects": {
            "WorldSoundEventId": "SFX_Axe_Special_Impact"
          }
        }
      ]
    }
  },
  "IconProperties": {
    "Scale": 0.4,
    "Rotation": [
      45,
      90,
      0
    ],
    "Translation": [
      -30,
      -30
    ]
  },
  "Icon": "Icons/ItemsGenerated/Weapon_Axe_Ricshaw.png",
  "DroppedItemAnimation": "Items/Animations/Dropped/Dropped_Diagonal_Left.blockyanim",
  "MaxDurability": 150,
  "DurabilityLossOnHit": 0.56,
  "Tags": {
    "Type": [
      "Weapon"
    ],
    "Family": [
      "Axe"
    ]
  },
  "Weapon": {},
  "ItemSoundSetId": "ISS_Weapons_Blunt_Small",
  "Model": "Items/Weapons/Axe/Ricshaw_Axe.blockymodel"
}
