{
  "TranslationProperties": {
    "Name": "Mechanist Bar"
  },
  "Categories": [
    "Items"
  ],
  "Model": "Resources/Materials/Ingot.blockymodel",
  "Texture": "Resources/Materials/Ingot_Textures/Mechanist.png",
  "Recipe": {
    "Input": [
      {
        "ItemId": "Ore_Mechanist",
        "Quantity": 1
      }
    ],
    "BenchRequirement": [
      {
        "Type": "Processing",
        "Id": "Furnace"
      }
    ],
    "OutputQuantity": 1,
    "TimeSeconds": 20
  },
  "ResourceTypes": [
    {
      "Id": "Metal_Bars"
    }
  ],
  "PlayerAnimationsId": "Item",
  "IconProperties": {
    "Scale": 1,
    "Rotation": [
      22.5,
      45,
      22.5
    ],
    "Translation": [
      0,
      -3
    ]
  },
  "Icon": "Icons/ItemsGenerated/Ingredient_Bar_Mechanist.png",
  "Tags": {
    "Type": [
      "Ingredient"
    ]
  },
  "ItemEntity": {
    "ParticleSystemId": null
  },
  "ItemSoundSetId": "ISS_Items_Ingots",
  "DropOnDeath": true
}
